日期,收市,開市,高,低,成交量,升跌（%）
2020/1/1,"1,517.30","1,517.26","1,517.48","1,517.20",,-0.01%
2020/1/2,"1,528.94","1,517.13","1,531.30","1,517.09",,0.77%
2020/1/3,"1,551.65","1,529.11","1,553.45","1,527.95",,1.49%
2020/1/6,"1,565.96","1,560.59","1,582.69","1,560.59",,0.92%
2020/1/7,"1,573.99","1,565.93","1,577.38","1,555.10",,0.51%
2020/1/8,"1,555.81","1,573.99","1,611.00","1,551.97",,-1.16%
2020/1/9,"1,552.37","1,555.76","1,561.33","1,539.88",,-0.22%
2020/1/10,"1,562.28","1,552.26","1,563.19","1,545.32",,0.64%
2020/1/13,"1,548.30","1,562.29","1,562.30","1,546.52",,-0.89%
2020/1/14,"1,546.37","1,548.31","1,548.80","1,535.88",,-0.12%
2020/1/15,"1,556.19","1,546.26","1,558.23","1,546.01",,0.64%
2020/1/16,"1,552.79","1,556.17","1,558.14","1,547.85",,-0.22%
2020/1/17,"1,556.61","1,552.90","1,561.30","1,549.26",,0.25%
2020/1/20,"1,561.58","1,558.56","1,562.81","1,556.35",,0.32%
2020/1/21,"1,558.02","1,560.85","1,568.65","1,546.25",,-0.23%
2020/1/22,"1,558.91","1,558.03","1,559.35","1,549.81",,0.06%
2020/1/23,"1,563.33","1,558.93","1,567.94","1,551.29",,0.28%
2020/1/24,"1,570.65","1,563.29","1,575.76","1,556.16",,0.47%
2020/1/27,"1,581.95","1,579.99","1,586.72","1,575.59",,0.72%
2020/1/28,"1,566.24","1,582.05","1,583.17","1,565.64",,-0.99%
2020/1/29,"1,577.12","1,566.21","1,577.96","1,563.10",,0.69%
2020/1/30,"1,574.22","1,576.98","1,585.97","1,572.49",,-0.18%
2020/1/31,"1,590.20","1,574.27","1,590.20","1,570.84",,1.02%
2020/2/3,"1,576.45","1,589.85","1,591.86","1,571.26",,-0.86%
2020/2/4,"1,552.55","1,576.30","1,579.54","1,548.99",,-1.52%
2020/2/5,"1,556.70","1,552.57","1,562.31","1,547.20",,0.27%
2020/2/6,"1,566.85","1,556.88","1,568.29","1,552.24",,0.65%
2020/2/7,"1,570.29","1,566.96","1,574.05","1,562.38",,0.22%
2020/2/10,"1,572.30","1,569.94","1,577.16","1,568.01",,0.13%
2020/2/11,"1,567.72","1,572.01","1,573.96","1,562.18",,-0.29%
2020/2/12,"1,565.63","1,567.73","1,570.48","1,561.46",,-0.13%
2020/2/13,"1,576.39","1,565.62","1,578.11","1,565.43",,0.69%
2020/2/14,"1,584.70","1,576.29","1,585.04","1,573.15",,0.53%
2020/2/17,"1,581.10","1,584.75","1,584.86","1,578.40",,-0.23%
2020/2/18,"1,601.91","1,583.31","1,605.35","1,582.96",,1.32%
2020/2/19,"1,611.64","1,601.80","1,612.91","1,599.49",,0.61%
2020/2/20,"1,619.70","1,611.71","1,623.74","1,603.89",,0.50%
2020/2/21,"1,643.70","1,619.79","1,649.14","1,618.99",,1.48%
2020/2/24,"1,660.72","1,658.96","1,688.96","1,652.30",,1.04%
2020/2/25,"1,635.38","1,660.72","1,660.85","1,629.01",,-1.53%
2020/2/26,"1,639.96","1,635.46","1,655.07","1,625.72",,0.28%
2020/2/27,"1,642.35","1,640.56","1,660.44","1,635.66",,0.15%
2020/2/28,"1,585.12","1,642.14","1,649.49","1,565.86",,-3.48%
2020/3/2,"1,590.73","1,590.99","1,610.78","1,579.54",,0.35%
2020/3/3,"1,639.77","1,590.78","1,649.50","1,587.79",,3.08%
2020/3/4,"1,635.83","1,639.85","1,651.68","1,631.99",,-0.24%
2020/3/5,"1,670.61","1,635.83","1,674.66","1,634.92",,2.13%
2020/3/6,"1,674.23","1,670.66","1,692.11","1,647.98",,0.22%
2020/3/9,"1,680.20","1,694.60","1,703.16","1,657.96",,0.36%
2020/3/10,"1,649.36","1,678.90","1,680.36","1,642.11",,-1.84%
2020/3/11,"1,635.03","1,649.69","1,670.97","1,632.90",,-0.87%
2020/3/12,"1,577.09","1,634.69","1,650.13","1,560.96",,-3.54%
2020/3/13,"1,529.70","1,576.83","1,597.72","1,506.73",,-3.00%
2020/3/16,"1,514.61","1,550.59","1,573.49","1,451.68",,-0.99%
2020/3/17,"1,528.58","1,512.05","1,553.11","1,465.60",,0.92%
2020/3/18,"1,486.30","1,527.30","1,546.05","1,472.60",,-2.77%
2020/3/19,"1,471.00","1,486.10","1,501.61","1,464.75",,-1.03%
2020/3/20,"1,498.24","1,470.39","1,516.43","1,460.49",,1.85%
2020/3/23,"1,553.81","1,508.25","1,561.76","1,485.40",,3.71%
2020/3/24,"1,622.03","1,565.36","1,644.35","1,564.77",,4.39%
2020/3/25,"1,613.79","1,618.79","1,636.29","1,584.18",,-0.51%
2020/3/26,"1,632.38","1,620.16","1,645.80","1,595.81",,1.15%
2020/3/27,"1,623.50","1,634.99","1,640.76","1,614.75",,-0.54%
2020/3/30,"1,623.30","1,617.38","1,635.59","1,607.63",,-0.01%
2020/3/31,"1,571.31","1,612.25","1,623.52","1,562.25",,-3.20%
2020/4/1,"1,595.05","1,569.45","1,604.12","1,568.91",,1.51%
2020/4/2,"1,613.79","1,590.75","1,621.27","1,576.43",,1.17%
2020/4/3,"1,618.45","1,609.99","1,627.04","1,607.00",,0.29%
2020/4/6,"1,663.00","1,596.80","1,669.76","1,596.80",,2.75%
2020/4/7,"1,648.95","1,662.38","1,671.88","1,641.06",,-0.84%
2020/4/8,"1,646.52","1,645.94","1,657.06","1,641.15",,-0.15%
2020/4/9,"1,684.07","1,644.28","1,690.29","1,642.34",,2.28%
2020/4/10,"1,689.90","1,675.00","1,696.50","1,675.00",,0.35%
2020/4/13,"1,714.32","1,682.25","1,722.36","1,672.95",,1.45%
2020/4/14,"1,729.70","1,714.09","1,748.50","1,709.10",,0.90%
2020/4/15,"1,716.60","1,729.43","1,731.43","1,706.99",,-0.76%
2020/4/16,"1,718.40","1,716.29","1,738.74","1,706.92",,0.10%
2020/4/17,"1,684.69","1,713.49","1,718.69","1,678.52",,-1.96%
2020/4/20,"1,694.12","1,691.44","1,703.02","1,671.74",,0.56%
2020/4/21,"1,687.02","1,694.22","1,698.48","1,660.99",,-0.42%
2020/4/22,"1,714.82","1,686.47","1,719.66","1,680.05",,1.65%
2020/4/23,"1,731.59","1,713.00","1,738.84","1,704.05",,0.98%
2020/4/24,"1,729.43","1,733.32","1,737.89","1,710.63",,-0.12%
2020/4/27,"1,715.57","1,724.86","1,727.82","1,705.82",,-0.80%
2020/4/28,"1,708.63","1,716.19","1,716.19","1,691.80",,-0.40%
2020/4/29,"1,712.38","1,708.72","1,717.52","1,697.72",,0.22%
2020/4/30,"1,685.05","1,715.22","1,726.14","1,684.16",,-1.60%
2020/5/1,"1,700.41","1,685.24","1,706.21","1,669.82",,0.91%
2020/5/4,"1,701.69","1,697.26","1,712.00","1,690.96",,0.08%
2020/5/5,"1,707.17","1,701.78","1,712.60","1,691.13",,0.32%
2020/5/6,"1,685.88","1,705.77","1,707.85","1,681.34",,-1.25%
2020/5/7,"1,717.94","1,686.08","1,722.02","1,681.96",,1.90%
2020/5/8,"1,702.65","1,717.46","1,724.56","1,701.61",,-0.89%
2020/5/11,"1,697.35","1,703.76","1,713.67","1,691.56",,-0.31%
2020/5/12,"1,702.72","1,696.25","1,711.04","1,692.28",,0.32%
2020/5/13,"1,715.99","1,701.21","1,718.33","1,697.92",,0.78%
2020/5/14,"1,730.65","1,715.01","1,737.34","1,710.39",,0.85%
2020/5/15,"1,743.00","1,731.13","1,753.25","1,728.52",,0.71%
2020/5/18,"1,732.32","1,742.93","1,764.81","1,726.26",,-0.61%
2020/5/19,"1,745.11","1,733.37","1,748.77","1,725.83",,0.74%
2020/5/20,"1,749.50","1,744.44","1,754.08","1,740.91",,0.25%
2020/5/21,"1,726.34","1,750.18","1,750.64","1,717.56",,-1.32%
2020/5/22,"1,736.07","1,725.26","1,741.51","1,724.29",,0.56%
2020/5/25,"1,729.57","1,734.73","1,735.57","1,720.47",,-0.37%
2020/5/26,"1,712.45","1,729.65","1,736.29","1,708.31",,-0.99%
2020/5/27,"1,709.25","1,712.03","1,715.77","1,693.60",,-0.19%
2020/5/28,"1,719.40","1,709.68","1,727.69","1,707.19",,0.59%
2020/5/29,"1,728.30","1,721.70","1,738.99","1,713.79",,0.52%
2020/6/1,"1,740.34","1,736.42","1,744.52","1,727.03",,0.70%
2020/6/2,"1,727.97","1,740.93","1,745.54","1,721.52",,-0.71%
2020/6/3,"1,698.63","1,728.97","1,732.92","1,690.01",,-1.70%
2020/6/4,"1,711.84","1,699.11","1,722.22","1,697.40",,0.78%
2020/6/5,"1,685.83","1,711.20","1,716.39","1,670.75",,-1.52%
2020/6/8,"1,695.47","1,684.16","1,701.27","1,677.61",,0.57%
2020/6/9,"1,714.57","1,700.25","1,720.75","1,691.92",,1.13%
2020/6/10,"1,737.10","1,714.33","1,740.29","1,708.83",,1.31%
2020/6/11,"1,727.51","1,737.11","1,744.72","1,721.34",,-0.55%
2020/6/12,"1,730.80","1,728.32","1,743.59","1,723.12",,0.19%
2020/6/15,"1,725.53","1,732.35","1,734.78","1,704.76",,-0.30%
2020/6/16,"1,727.46","1,725.79","1,733.06","1,715.93",,0.11%
2020/6/17,"1,727.04","1,727.34","1,730.62","1,713.37",,-0.02%
2020/6/18,"1,722.99","1,725.57","1,736.87","1,717.28",,-0.23%
2020/6/19,"1,743.62","1,723.16","1,745.68","1,721.36",,1.20%
2020/6/22,"1,755.44","1,749.00","1,763.82","1,743.78",,0.68%
2020/6/23,"1,767.54","1,756.03","1,771.69","1,747.90",,0.69%
2020/6/24,"1,762.43","1,769.09","1,780.06","1,761.09",,-0.29%
2020/6/25,"1,761.82","1,759.76","1,768.84","1,755.23",,-0.03%
2020/6/26,"1,771.47","1,762.35","1,772.36","1,748.04",,0.55%
2020/6/29,"1,772.28","1,773.27","1,775.86","1,766.07",,0.05%
2020/6/30,"1,781.66","1,771.77","1,786.46","1,765.77",,0.53%
2020/7/1,"1,770.32","1,780.91","1,789.27","1,759.02",,-0.64%
2020/7/2,"1,776.13","1,769.60","1,780.21","1,757.85",,0.33%
2020/7/3,"1,775.05","1,774.03","1,777.01","1,772.03",,-0.06%
2020/7/6,"1,783.90","1,776.24","1,786.98","1,770.09",,0.50%
2020/7/7,"1,795.26","1,784.57","1,797.93","1,774.37",,0.64%
2020/7/8,"1,810.78","1,794.93","1,818.37","1,791.82",,0.86%
2020/7/9,"1,803.19","1,810.68","1,815.99","1,795.76",,-0.42%
2020/7/10,"1,798.89","1,801.71","1,810.94","1,794.47",,-0.24%
2020/7/13,"1,803.39","1,798.69","1,813.65","1,797.94",,0.25%
2020/7/14,"1,807.78","1,802.77","1,810.94","1,791.02",,0.24%
2020/7/15,"1,811.90","1,808.14","1,815.00","1,802.91",,0.23%
2020/7/16,"1,797.05","1,811.72","1,813.41","1,795.10",,-0.82%
2020/7/17,"1,809.90","1,797.30","1,812.59","1,795.11",,0.72%
2020/7/20,"1,816.09","1,809.28","1,820.76","1,805.70",,0.34%
2020/7/21,"1,842.22","1,815.53","1,843.75","1,815.44",,1.44%
2020/7/22,"1,872.07","1,841.89","1,872.41","1,840.25",,1.62%
2020/7/23,"1,887.44","1,871.97","1,898.49","1,862.38",,0.82%
2020/7/24,"1,901.46","1,886.83","1,906.47","1,881.58",,0.74%
2020/7/27,"1,942.42","1,899.29","1,945.71","1,899.29",,2.15%
2020/7/28,"1,959.50","1,942.22","1,981.14","1,907.69",,0.88%
2020/7/29,"1,970.73","1,959.71","1,980.67","1,944.96",,0.57%
2020/7/30,"1,960.50","1,970.89","1,972.25","1,940.17",,-0.52%
2020/7/31,"1,975.89","1,960.96","1,981.11","1,955.99",,0.79%
2020/8/3,"1,977.25","1,980.43","1,985.22","1,960.15",,0.07%
2020/8/4,"2,018.52","1,976.45","2,019.96","1,968.38",,2.09%
2020/8/5,"2,040.40","2,018.98","2,056.10","2,010.33",,1.08%
2020/8/6,"2,063.81","2,040.03","2,069.84","2,034.83",,1.15%
2020/8/7,"2,035.03","2,064.52","2,072.90","2,015.48",,-1.39%
2020/8/10,"2,027.77","2,033.71","2,050.10","2,019.42",,-0.36%
2020/8/11,"1,911.64","2,027.11","2,031.59","1,901.57",,-5.73%
2020/8/12,"1,918.07","1,911.26","1,949.26","1,863.92",,0.34%
2020/8/13,"1,954.00","1,920.87","1,966.83","1,913.42",,1.87%
2020/8/14,"1,944.29","1,953.98","1,962.62","1,932.46",,-0.50%
2020/8/17,"1,986.20","1,946.22","1,990.91","1,929.74",,2.16%
2020/8/18,"2,001.20","1,985.47","2,015.23","1,977.56",,0.76%
2020/8/19,"1,929.82","2,001.22","2,006.51","1,924.63",,-3.57%
2020/8/20,"1,943.60","1,929.28","1,955.99","1,925.47",,0.71%
2020/8/21,"1,940.16","1,946.96","1,956.37","1,911.76",,-0.18%
2020/8/24,"1,933.09","1,938.63","1,962.04","1,924.28",,-0.36%
2020/8/25,"1,928.19","1,932.66","1,937.55","1,914.31",,-0.25%
2020/8/26,"1,954.03","1,928.66","1,955.15","1,902.81",,1.34%
2020/8/27,"1,929.20","1,953.35","1,976.32","1,909.96",,-1.27%
2020/8/28,"1,964.89","1,929.44","1,973.81","1,923.71",,1.85%
2020/8/31,"1,970.15","1,965.39","1,976.53","1,954.55",,0.27%
2020/9/1,"1,970.49","1,967.58","1,992.26","1,963.22",,0.02%
2020/9/2,"1,942.98","1,969.71","1,974.41","1,932.75",,-1.40%
2020/9/3,"1,930.85","1,943.00","1,951.15","1,921.95",,-0.62%
2020/9/4,"1,932.85","1,931.51","1,942.25","1,916.64",,0.10%
2020/9/7,"1,929.18","1,930.35","1,941.45","1,924.43",,-0.19%
2020/9/8,"1,931.26","1,929.14","1,940.80","1,906.57",,0.11%
2020/9/9,"1,946.66","1,932.26","1,950.95","1,920.20",,0.80%
2020/9/10,"1,954.07","1,946.06","1,966.50","1,941.42",,0.38%
2020/9/11,"1,941.50","1,955.20","1,957.95","1,937.42",,-0.64%
2020/9/14,"1,956.37","1,941.05","1,962.52","1,937.46",,0.77%
2020/9/15,"1,955.52","1,957.31","1,972.35","1,948.64",,-0.04%
2020/9/16,"1,959.32","1,956.19","1,973.63","1,949.89",,0.19%
2020/9/17,"1,942.60","1,959.99","1,963.48","1,932.99",,-0.85%
2020/9/18,"1,949.69","1,943.87","1,960.20","1,941.79",,0.37%
2020/9/21,"1,912.57","1,949.55","1,955.75","1,883.21",,-1.90%
2020/9/22,"1,899.28","1,912.80","1,919.99","1,894.93",,-0.69%
2020/9/23,"1,863.55","1,900.20","1,905.56","1,855.77",,-1.88%
2020/9/24,"1,868.04","1,863.42","1,877.30","1,848.45",,0.24%
2020/9/25,"1,860.05","1,868.61","1,875.28","1,852.59",,-0.43%
2020/9/28,"1,880.85","1,859.00","1,883.39","1,849.19",,1.12%
2020/9/29,"1,897.69","1,881.40","1,899.24","1,875.56",,0.90%
2020/9/30,"1,885.44","1,897.81","1,902.39","1,881.31",,-0.65%
2020/10/1,"1,905.05","1,885.80","1,912.09","1,884.48",,1.04%
2020/10/2,"1,898.70","1,905.65","1,917.28","1,889.57",,-0.33%
2020/10/5,"1,912.90","1,902.24","1,918.74","1,886.81",,0.75%
2020/10/6,"1,877.13","1,913.28","1,921.10","1,874.57",,-1.87%
2020/10/7,"1,887.22","1,878.84","1,898.31","1,873.05",,0.54%
2020/10/8,"1,893.09","1,887.40","1,900.73","1,881.86",,0.31%
2020/10/9,"1,929.43","1,894.19","1,930.83","1,893.32",,1.92%
2020/10/12,"1,921.95","1,930.50","1,933.45","1,918.19",,-0.39%
2020/10/13,"1,890.82","1,922.42","1,925.73","1,886.59",,-1.62%
2020/10/14,"1,900.89","1,891.90","1,913.03","1,882.44",,0.53%
2020/10/15,"1,907.82","1,900.31","1,909.22","1,889.46",,0.36%
2020/10/16,"1,898.97","1,907.95","1,914.06","1,897.59",,-0.46%
2020/10/19,"1,904.27","1,899.94","1,918.59","1,897.09",,0.28%
2020/10/20,"1,906.39","1,904.24","1,914.20","1,894.74",,0.11%
2020/10/21,"1,924.49","1,908.65","1,931.41","1,907.94",,0.95%
2020/10/22,"1,904.04","1,924.34","1,926.00","1,894.80",,-1.06%
2020/10/23,"1,900.79","1,904.24","1,914.30","1,894.54",,-0.17%
2020/10/26,"1,901.69","1,902.34","1,908.55","1,890.90",,0.05%
2020/10/27,"1,906.83","1,902.19","1,911.34","1,897.47",,0.27%
2020/10/28,"1,877.06","1,908.05","1,911.03","1,869.59",,-1.56%
2020/10/29,"1,867.13","1,876.94","1,885.42","1,859.67",,-0.53%
2020/10/30,"1,877.95","1,868.24","1,889.85","1,864.64",,0.58%
2020/11/2,"1,895.10","1,878.59","1,896.12","1,873.21",,0.91%
2020/11/3,"1,908.36","1,895.80","1,910.71","1,886.81",,0.70%
2020/11/4,"1,903.21","1,908.59","1,916.68","1,883.15",,-0.27%
2020/11/5,"1,948.56","1,903.65","1,952.95","1,902.43",,2.38%
2020/11/6,"1,951.51","1,949.24","1,960.77","1,935.40",,0.15%
2020/11/9,"1,861.86","1,954.65","1,965.92","1,850.36",,-4.59%
2020/11/10,"1,876.50","1,862.15","1,890.60","1,860.30",,0.79%
2020/11/11,"1,864.71","1,877.34","1,884.93","1,856.05",,-0.63%
2020/11/12,"1,875.76","1,865.30","1,883.88","1,862.46",,0.59%
2020/11/13,"1,888.04","1,876.44","1,897.16","1,873.76",,0.65%
2020/11/16,"1,888.52","1,888.74","1,899.35","1,864.74",,0.03%
2020/11/17,"1,878.60","1,889.15","1,893.90","1,877.69",,-0.52%
2020/11/18,"1,871.41","1,878.60","1,884.92","1,863.94",,-0.38%
2020/11/19,"1,867.37","1,871.44","1,874.34","1,852.48",,-0.22%
2020/11/20,"1,870.49","1,867.59","1,879.98","1,860.66",,0.17%
2020/11/23,"1,835.85","1,869.84","1,876.72","1,830.85",,-1.85%
2020/11/24,"1,807.51","1,836.65","1,839.26","1,800.69",,-1.54%
2020/11/25,"1,805.30","1,807.69","1,817.98","1,801.33",,-0.12%
2020/11/26,"1,810.57","1,805.74","1,818.78","1,805.31",,0.29%
2020/11/27,"1,788.13","1,811.09","1,813.81","1,773.93",,-1.24%
2020/11/30,"1,777.02","1,789.05","1,789.99","1,764.69",,-0.62%
2020/12/1,"1,814.87","1,777.40","1,817.55","1,775.52",,2.13%
2020/12/2,"1,831.01","1,815.19","1,832.65","1,806.99",,0.89%
2020/12/3,"1,840.36","1,831.34","1,844.45","1,823.60",,0.51%
2020/12/4,"1,837.61","1,841.05","1,848.26","1,829.30",,-0.15%
2020/12/7,"1,863.69","1,837.99","1,868.76","1,822.99",,1.42%
2020/12/8,"1,871.36","1,863.55","1,875.79","1,859.83",,0.41%
2020/12/9,"1,839.11","1,871.19","1,871.37","1,825.71",,-1.72%
2020/12/10,"1,835.31","1,839.59","1,850.40","1,828.48",,-0.21%
2020/12/11,"1,839.03","1,835.55","1,847.89","1,824.23",,0.20%
2020/12/14,"1,827.17","1,839.30","1,839.86","1,819.92",,-0.64%
2020/12/15,"1,853.46","1,827.80","1,855.76","1,825.29",,1.44%
2020/12/16,"1,864.15","1,853.94","1,866.20","1,844.75",,0.58%
2020/12/17,"1,885.87","1,864.26","1,896.26","1,861.83",,1.17%
2020/12/18,"1,880.66","1,885.80","1,889.88","1,876.97",,-0.28%
2020/12/21,"1,876.21","1,883.20","1,906.93","1,856.69",,-0.24%
2020/12/22,"1,859.56","1,876.65","1,884.61","1,858.73",,-0.89%
2020/12/23,"1,872.08","1,859.99","1,878.59","1,858.59",,0.67%
2020/12/24,"1,876.56","1,872.74","1,882.55","1,869.52",,0.24%
2020/12/25,"1,875.82","1,877.07","1,877.07","1,877.07",,-0.04%
2020/12/28,"1,871.19","1,885.93","1,900.53","1,869.21",,-0.25%
2020/12/29,"1,877.99","1,872.24","1,886.91","1,870.99",,0.36%
2020/12/30,"1,893.37","1,878.34","1,894.06","1,875.66",,0.82%
2020/12/31,"1,896.49","1,893.55","1,901.26","1,884.77",,0.16%
2021/1/1,"1,898.10","1,897.69","1,899.12","1,897.39",,0.09%
2021/1/4,"1,942.28","1,906.05","1,944.65","1,905.36",,2.33%
2021/1/5,"1,949.35","1,942.65","1,953.17","1,934.08",,0.36%
2021/1/6,"1,918.81","1,950.30","1,959.60","1,901.11",,-1.57%
2021/1/7,"1,912.50","1,919.40","1,927.97","1,906.86",,-0.33%
2021/1/8,"1,848.26","1,912.90","1,917.85","1,828.74",,-3.36%
2021/1/11,"1,844.66","1,849.34","1,857.05","1,817.14",,-0.19%
2021/1/12,"1,855.63","1,845.34","1,864.08","1,837.41",,0.59%
2021/1/13,"1,843.41","1,856.19","1,863.26","1,843.34",,-0.66%
2021/1/14,"1,846.37","1,843.94","1,857.59","1,833.21",,0.16%
2021/1/15,"1,826.59","1,846.80","1,856.85","1,823.21",,-1.07%
2021/1/18,"1,836.89","1,828.94","1,840.95","1,810.46",,0.56%
2021/1/19,"1,839.34","1,838.09","1,845.98","1,833.06",,0.13%
2021/1/20,"1,870.91","1,840.05","1,872.03","1,832.46",,1.72%
2021/1/21,"1,869.91","1,871.07","1,875.45","1,858.16",,-0.05%
2021/1/22,"1,852.55","1,870.09","1,871.17","1,837.09",,-0.93%
2021/1/25,"1,854.99","1,855.75","1,868.45","1,847.30",,0.13%
2021/1/26,"1,850.31","1,855.55","1,861.86","1,848.36",,-0.25%
2021/1/27,"1,843.99","1,850.65","1,853.58","1,831.29",,-0.34%
2021/1/28,"1,840.36","1,844.34","1,864.26","1,833.81",,-0.20%
2021/1/29,"1,846.09","1,840.90","1,876.03","1,839.56",,0.31%
2021/2/1,"1,860.16","1,863.05","1,871.84","1,849.04",,0.76%
2021/2/2,"1,837.35","1,860.84","1,864.26","1,829.46",,-1.23%
2021/2/3,"1,833.76","1,837.49","1,845.29","1,829.49",,-0.20%
2021/2/4,"1,792.26","1,834.34","1,835.13","1,785.15",,-2.26%
2021/2/5,"1,811.62","1,792.49","1,815.32","1,791.80",,1.08%
2021/2/8,"1,830.16","1,815.44","1,839.15","1,807.48",,1.02%
2021/2/9,"1,837.06","1,830.59","1,849.15","1,828.63",,0.38%
2021/2/10,"1,842.22","1,837.55","1,855.70","1,833.91",,0.28%
2021/2/11,"1,825.36","1,842.65","1,847.95","1,820.63",,-0.91%
2021/2/12,"1,823.46","1,825.90","1,830.80","1,810.33",,-0.10%
2021/2/15,"1,818.51","1,825.34","1,827.59","1,815.71",,-0.27%
2021/2/16,"1,794.31","1,819.34","1,826.75","1,789.19",,-1.33%
2021/2/17,"1,776.26","1,794.65","1,795.45","1,769.27",,-1.01%
2021/2/18,"1,775.49","1,776.69","1,789.88","1,767.98",,-0.04%
2021/2/19,"1,782.31","1,776.19","1,791.70","1,760.13",,0.38%
2021/2/22,"1,808.66","1,782.24","1,812.76","1,780.46",,1.48%
2021/2/23,"1,805.06","1,809.09","1,816.27","1,795.78",,-0.20%
2021/2/24,"1,804.36","1,805.34","1,813.99","1,783.30",,-0.04%
2021/2/25,"1,769.88","1,804.80","1,806.06","1,765.44",,-1.91%
2021/2/26,"1,733.49","1,770.49","1,776.10","1,717.26",,-2.06%
2021/3/1,"1,723.84","1,733.40","1,760.02","1,719.52",,-0.56%
2021/3/2,"1,738.09","1,724.10","1,738.89","1,707.18",,0.83%
2021/3/3,"1,710.95","1,738.59","1,740.85","1,701.94",,-1.56%
2021/3/4,"1,697.19","1,711.84","1,723.34","1,690.64",,-0.80%
2021/3/5,"1,700.86","1,698.59","1,707.76","1,687.12",,0.22%
2021/3/8,"1,681.24","1,702.80","1,714.45","1,676.70",,-1.15%
2021/3/9,"1,715.36","1,682.55","1,720.83","1,679.80",,2.03%
2021/3/10,"1,726.05","1,715.94","1,726.76","1,707.99",,0.62%
2021/3/11,"1,721.41","1,726.55","1,739.99","1,719.38",,-0.27%
2021/3/12,"1,726.41","1,721.59","1,728.42","1,698.85",,0.29%
2021/3/15,"1,731.84","1,727.74","1,734.99","1,721.31",,0.31%
2021/3/16,"1,730.94","1,730.57","1,741.40","1,725.80",,-0.05%
2021/3/17,"1,744.44","1,730.61","1,751.81","1,724.14",,0.78%
2021/3/18,"1,736.41","1,745.09","1,755.59","1,719.05",,-0.46%
2021/3/19,"1,744.74","1,735.90","1,746.88","1,728.04",,0.48%
2021/3/22,"1,738.69","1,745.74","1,747.18","1,727.40",,-0.35%
2021/3/23,"1,727.11","1,739.05","1,742.85","1,724.42",,-0.67%
2021/3/24,"1,734.19","1,727.80","1,738.56","1,723.85",,0.41%
2021/3/25,"1,726.82","1,735.65","1,745.95","1,721.84",,-0.42%
2021/3/26,"1,731.97","1,727.30","1,737.01","1,721.23",,0.30%
2021/3/29,"1,711.99","1,732.15","1,733.34","1,705.58",,-1.15%
2021/3/30,"1,684.80","1,712.55","1,714.74","1,678.85",,-1.59%
2021/3/31,"1,707.01","1,685.59","1,715.28","1,677.93",,1.32%
2021/4/1,"1,730.18","1,708.09","1,730.80","1,705.42",,1.36%
2021/4/2,"1,728.84","1,730.47","1,732.55","1,728.67",,-0.08%
2021/4/5,"1,728.44","1,728.74","1,733.75","1,721.22",,-0.02%
2021/4/6,"1,743.57","1,728.49","1,745.68","1,726.82",,0.88%
2021/4/7,"1,737.28","1,742.96","1,744.57","1,730.13",,-0.36%
2021/4/8,"1,755.94","1,737.84","1,759.13","1,732.99",,1.07%
2021/4/9,"1,743.10","1,756.54","1,757.47","1,731.09",,-0.73%
2021/4/12,"1,732.51","1,743.80","1,745.36","1,727.18",,-0.61%
2021/4/13,"1,743.83","1,732.59","1,749.23","1,723.27",,0.65%
2021/4/14,"1,736.00","1,744.30","1,749.58","1,732.13",,-0.45%
2021/4/15,"1,763.21","1,737.10","1,769.91","1,734.10",,1.57%
2021/4/16,"1,776.31","1,763.84","1,784.07","1,759.79",,0.74%
2021/4/19,"1,769.31","1,779.50","1,790.54","1,765.98",,-0.39%
2021/4/20,"1,777.25","1,770.30","1,780.77","1,763.18",,0.45%
2021/4/21,"1,793.46","1,778.64","1,797.98","1,775.95",,0.91%
2021/4/22,"1,783.94","1,794.15","1,798.29","1,776.83",,-0.53%
2021/4/23,"1,777.18","1,784.33","1,796.06","1,770.05",,-0.38%
2021/4/26,"1,780.19","1,776.34","1,783.69","1,768.70",,0.17%
2021/4/27,"1,776.69","1,780.42","1,785.90","1,773.52",,-0.20%
2021/4/28,"1,781.32","1,776.80","1,782.85","1,762.56",,0.26%
2021/4/29,"1,771.24","1,780.90","1,790.43","1,756.19",,-0.57%
2021/4/30,"1,768.59","1,772.90","1,773.98","1,763.73",,-0.15%
2021/5/3,"1,792.36","1,768.49","1,798.22","1,765.91",,1.34%
2021/5/4,"1,778.48","1,792.29","1,799.38","1,770.84",,-0.77%
2021/5/5,"1,786.44","1,778.91","1,788.35","1,769.95",,0.45%
2021/5/6,"1,815.18","1,787.09","1,818.21","1,781.67",,1.61%
2021/5/7,"1,830.48","1,815.48","1,843.45","1,812.90",,0.84%
2021/5/10,"1,835.44","1,833.24","1,845.53","1,830.09",,0.27%
2021/5/11,"1,836.94","1,834.58","1,842.32","1,817.68",,0.08%
2021/5/12,"1,815.44","1,837.40","1,843.69","1,813.00",,-1.17%
2021/5/13,"1,826.57","1,815.90","1,828.81","1,808.78",,0.61%
2021/5/14,"1,842.19","1,826.49","1,845.55","1,819.79",,0.86%
2021/5/17,"1,866.13","1,843.84","1,868.80","1,841.24",,1.30%
2021/5/18,"1,868.22","1,866.59","1,875.40","1,862.94",,0.11%
2021/5/19,"1,869.57","1,869.59","1,890.15","1,851.94",,0.07%
2021/5/20,"1,876.69","1,869.74","1,884.12","1,863.53",,0.38%
2021/5/21,"1,880.30","1,876.84","1,889.85","1,870.01",,0.19%
2021/5/24,"1,881.07","1,882.34","1,887.44","1,875.19",,0.04%
2021/5/25,"1,899.26","1,880.69","1,900.63","1,872.73",,0.97%
2021/5/26,"1,896.44","1,899.49","1,913.15","1,890.34",,-0.15%
2021/5/27,"1,896.08","1,896.49","1,903.87","1,888.22",,-0.02%
2021/5/28,"1,902.64","1,897.05","1,905.90","1,881.84",,0.35%
2021/5/31,"1,906.36","1,903.69","1,911.13","1,901.56",,0.20%
2021/6/1,"1,900.19","1,907.53","1,916.84","1,892.28",,-0.32%
2021/6/2,"1,907.94","1,900.05","1,909.34","1,894.05",,0.41%
2021/6/3,"1,870.57","1,908.09","1,909.89","1,865.11",,-1.96%
2021/6/4,"1,889.97","1,871.32","1,896.60","1,856.09",,1.04%
2021/6/7,"1,899.00","1,888.49","1,900.41","1,880.88",,0.48%
2021/6/8,"1,892.82","1,898.99","1,903.95","1,883.38",,-0.33%
2021/6/9,"1,888.30","1,893.49","1,899.40","1,886.58",,-0.24%
2021/6/10,"1,898.14","1,888.57","1,900.09","1,869.84",,0.52%
2021/6/11,"1,876.64","1,898.42","1,903.30","1,874.07",,-1.13%
2021/6/14,"1,865.99","1,874.59","1,878.21","1,844.57",,-0.57%
2021/6/15,"1,858.69","1,866.26","1,869.67","1,851.28",,-0.39%
2021/6/16,"1,811.95","1,858.96","1,862.43","1,804.19",,-2.51%
2021/6/17,"1,773.31","1,812.18","1,825.58","1,766.88",,-2.13%
2021/6/18,"1,763.34","1,772.73","1,797.24","1,761.04",,-0.56%
2021/6/21,"1,782.95","1,764.44","1,786.75","1,764.44",,1.11%
2021/6/22,"1,778.51","1,783.23","1,790.42","1,771.99",,-0.25%
2021/6/23,"1,778.73","1,778.80","1,795.18","1,773.13",,0.01%
2021/6/24,"1,775.18","1,779.01","1,788.56","1,772.67",,-0.20%
2021/6/25,"1,780.34","1,775.46","1,790.60","1,773.27",,0.29%
2021/6/28,"1,778.18","1,781.24","1,785.90","1,770.69",,-0.12%
2021/6/29,"1,761.09","1,778.44","1,779.24","1,750.11",,-0.96%
2021/6/30,"1,769.80","1,761.35","1,774.72","1,752.78",,0.49%
2021/7/1,"1,776.60","1,770.06","1,783.07","1,765.47",,0.38%
2021/7/2,"1,786.79","1,776.83","1,795.40","1,773.73",,0.57%
2021/7/5,"1,791.61","1,787.69","1,795.69","1,784.09",,0.27%
2021/7/6,"1,796.69","1,791.88","1,815.34","1,789.91",,0.28%
2021/7/7,"1,803.41","1,796.96","1,810.13","1,793.64",,0.37%
2021/7/8,"1,802.56","1,803.67","1,818.70","1,794.28",,-0.05%
2021/7/9,"1,807.98","1,802.89","1,812.71","1,796.09",,0.30%
2021/7/12,"1,805.88","1,807.94","1,811.04","1,791.21",,-0.12%
2021/7/13,"1,807.44","1,806.17","1,817.51","1,798.54",,0.09%
2021/7/14,"1,827.06","1,807.72","1,830.32","1,804.21",,1.09%
2021/7/15,"1,829.19","1,827.35","1,833.99","1,820.07",,0.12%
2021/7/16,"1,810.89","1,829.45","1,832.20","1,808.65",,-1.00%
2021/7/19,"1,812.34","1,811.65","1,817.56","1,794.66",,0.08%
2021/7/20,"1,810.03","1,812.61","1,825.27","1,805.06",,-0.13%
2021/7/21,"1,803.31","1,810.32","1,814.02","1,794.18",,-0.37%
2021/7/22,"1,806.69","1,803.58","1,808.34","1,792.11",,0.19%
2021/7/23,"1,801.34","1,806.95","1,810.56","1,790.45",,-0.30%
2021/7/26,"1,797.27","1,802.65","1,811.97","1,795.68",,-0.23%
2021/7/27,"1,798.73","1,797.53","1,805.60","1,792.83",,0.08%
2021/7/28,"1,806.88","1,799.00","1,809.90","1,792.60",,0.45%
2021/7/29,"1,827.95","1,807.15","1,833.05","1,806.29",,1.17%
2021/7/30,"1,813.58","1,828.21","1,831.63","1,809.48",,-0.79%
2021/8/2,"1,813.39","1,814.34","1,819.94","1,805.12",,-0.01%
2021/8/3,"1,809.94","1,813.64","1,815.18","1,806.73",,-0.19%
2021/8/4,"1,811.41","1,810.60","1,832.10","1,806.54",,0.08%
2021/8/5,"1,804.01","1,811.69","1,815.45","1,797.74",,-0.41%
2021/8/6,"1,762.69","1,804.28","1,804.93","1,758.33",,-2.29%
2021/8/9,"1,729.46","1,763.34","1,764.65","1,684.77",,-1.89%
2021/8/10,"1,728.71","1,729.74","1,738.49","1,717.17",,-0.04%
2021/8/11,"1,751.56","1,729.01","1,754.63","1,723.54",,1.32%
2021/8/12,"1,752.44","1,751.66","1,758.62","1,741.29",,0.05%
2021/8/13,"1,779.15","1,752.72","1,780.53","1,751.27",,1.52%
2021/8/16,"1,787.24","1,778.44","1,789.51","1,770.38",,0.45%
2021/8/17,"1,785.96","1,787.51","1,795.77","1,780.28",,-0.07%
2021/8/18,"1,787.59","1,786.21","1,794.31","1,777.31",,0.09%
2021/8/19,"1,780.18","1,788.05","1,792.56","1,774.20",,-0.41%
2021/8/20,"1,780.87","1,780.44","1,788.85","1,777.96",,0.04%
2021/8/23,"1,805.20","1,780.55","1,806.92","1,776.03",,1.37%
2021/8/24,"1,802.61","1,805.61","1,810.03","1,799.73",,-0.14%
2021/8/25,"1,790.68","1,802.86","1,803.57","1,782.45",,-0.66%
2021/8/26,"1,792.16","1,791.09","1,798.61","1,779.48",,0.08%
2021/8/27,"1,816.67","1,792.60","1,819.38","1,787.66",,1.37%
2021/8/30,"1,810.17","1,817.55","1,823.38","1,807.28",,-0.36%
2021/8/31,"1,813.43","1,810.26","1,819.43","1,801.47",,0.18%
2021/9/1,"1,813.66","1,813.57","1,820.21","1,808.18",,0.01%
2021/9/2,"1,809.40","1,813.92","1,817.53","1,804.48",,-0.23%
2021/9/3,"1,826.19","1,809.98","1,834.55","1,808.53",,0.93%
2021/9/6,"1,823.10","1,828.66","1,830.60","1,820.58",,-0.17%
2021/9/7,"1,794.13","1,823.27","1,827.39","1,792.33",,-1.59%
2021/9/8,"1,788.93","1,794.41","1,802.60","1,781.98",,-0.29%
2021/9/9,"1,794.69","1,789.19","1,801.19","1,783.83",,0.32%
2021/9/10,"1,787.34","1,794.61","1,804.15","1,786.53",,-0.41%
2021/9/13,"1,793.49","1,788.55","1,798.66","1,783.73",,0.34%
2021/9/14,"1,804.27","1,793.77","1,808.99","1,781.89",,0.60%
2021/9/15,"1,792.59","1,804.53","1,807.30","1,790.28",,-0.65%
2021/9/16,"1,753.39","1,794.34","1,796.71","1,745.04",,-2.19%
2021/9/17,"1,754.16","1,753.67","1,768.22","1,747.07",,0.04%
2021/9/20,"1,763.88","1,754.30","1,767.31","1,742.24",,0.55%
2021/9/21,"1,774.25","1,764.19","1,782.07","1,757.61",,0.59%
2021/9/22,"1,767.91","1,774.51","1,787.51","1,764.84",,-0.36%
2021/9/23,"1,742.57","1,768.40","1,776.60","1,737.84",,-1.43%
2021/9/24,"1,749.86","1,742.82","1,758.08","1,739.60",,0.42%
2021/9/27,"1,749.85","1,751.24","1,761.29","1,744.19",,0.00%
2021/9/28,"1,733.68","1,750.45","1,754.80","1,727.18",,-0.92%
2021/9/29,"1,726.11","1,733.97","1,746.11","1,721.07",,-0.44%
2021/9/30,"1,756.66","1,726.40","1,764.53","1,721.67",,1.77%
2021/10/1,"1,760.36","1,756.91","1,764.40","1,749.36",,0.21%
2021/10/4,"1,769.51","1,762.15","1,771.06","1,747.23",,0.52%
2021/10/5,"1,759.96","1,769.75","1,771.03","1,748.56",,-0.54%
2021/10/6,"1,762.48","1,760.45","1,765.78","1,745.45",,0.14%
2021/10/7,"1,755.29","1,762.74","1,767.45","1,751.38",,-0.41%
2021/10/8,"1,756.67","1,755.89","1,781.60","1,753.03",,0.08%
2021/10/11,"1,753.86","1,757.34","1,761.36","1,749.68",,-0.16%
2021/10/12,"1,759.93","1,754.12","1,769.78","1,750.47",,0.35%
2021/10/13,"1,792.65","1,760.05","1,796.31","1,757.89",,1.86%
2021/10/14,"1,795.56","1,792.75","1,800.91","1,786.22",,0.16%
2021/10/15,"1,767.26","1,795.81","1,796.89","1,764.48",,-1.58%
2021/10/18,"1,764.60","1,767.74","1,772.30","1,759.68",,-0.15%
2021/10/19,"1,768.87","1,764.99","1,785.53","1,762.48",,0.24%
2021/10/20,"1,781.83","1,769.28","1,788.68","1,766.50",,0.73%
2021/10/21,"1,782.76","1,782.10","1,789.61","1,776.07",,0.05%
2021/10/22,"1,792.48","1,782.89","1,814.22","1,782.46",,0.55%
2021/10/25,"1,807.47","1,794.00","1,810.18","1,791.95",,0.84%
2021/10/26,"1,792.63","1,807.90","1,808.50","1,781.98",,-0.82%
2021/10/27,"1,796.69","1,793.04","1,799.38","1,782.83",,0.23%
2021/10/28,"1,798.62","1,796.78","1,810.49","1,792.34",,0.11%
2021/10/29,"1,782.81","1,799.03","1,801.49","1,771.70",,-0.88%
2021/11/1,"1,793.05","1,783.24","1,796.20","1,778.89",,0.57%
2021/11/2,"1,787.28","1,793.61","1,796.91","1,785.78",,-0.32%
2021/11/3,"1,769.52","1,787.71","1,788.42","1,758.45",,-0.99%
2021/11/4,"1,791.70","1,769.98","1,799.26","1,769.13",,1.25%
2021/11/5,"1,816.73","1,792.14","1,818.61","1,785.17",,1.40%
2021/11/8,"1,824.26","1,818.44","1,826.93","1,812.08",,0.41%
2021/11/9,"1,831.48","1,824.74","1,833.08","1,817.70",,0.40%
2021/11/10,"1,849.57","1,831.90","1,868.70","1,821.60",,0.99%
2021/11/11,"1,861.52","1,849.69","1,866.35","1,842.66",,0.65%
2021/11/12,"1,864.04","1,861.99","1,868.69","1,844.78",,0.14%
2021/11/15,"1,862.46","1,868.15","1,870.57","1,855.73",,-0.09%
2021/11/16,"1,849.91","1,862.94","1,877.40","1,849.16",,-0.67%
2021/11/17,"1,866.96","1,850.34","1,868.32","1,849.38",,0.92%
2021/11/18,"1,858.46","1,866.97","1,871.29","1,854.94",,-0.46%
2021/11/19,"1,844.60","1,858.90","1,865.76","1,842.98",,-0.75%
2021/11/22,"1,805.04","1,846.74","1,849.49","1,801.95",,-2.14%
2021/11/23,"1,789.73","1,805.65","1,812.50","1,781.63",,-0.85%
2021/11/24,"1,788.50","1,790.34","1,797.01","1,778.44",,-0.07%
2021/11/25,"1,788.45","1,789.49","1,795.65","1,785.85",,0.00%
2021/11/26,"1,791.81","1,788.70","1,815.78","1,780.79",,0.19%
2021/11/29,"1,785.01","1,790.05","1,799.80","1,781.23",,-0.38%
2021/11/30,"1,773.78","1,785.34","1,809.38","1,769.43",,-0.63%
2021/12/1,"1,782.66","1,774.15","1,794.80","1,771.96",,0.50%
2021/12/2,"1,768.64","1,783.05","1,783.58","1,761.68",,-0.79%
2021/12/3,"1,783.74","1,768.84","1,786.44","1,765.63",,0.85%
2021/12/6,"1,778.11","1,784.79","1,787.87","1,775.91",,-0.32%
2021/12/7,"1,784.04","1,778.08","1,788.02","1,771.93",,0.33%
2021/12/8,"1,782.06","1,784.40","1,793.60","1,779.45",,-0.11%
2021/12/9,"1,774.46","1,782.49","1,788.05","1,772.80",,-0.43%
2021/12/10,"1,782.51","1,774.94","1,789.47","1,769.43",,0.45%
2021/12/13,"1,786.94","1,782.94","1,791.78","1,781.51",,0.25%
2021/12/14,"1,770.18","1,787.19","1,789.74","1,766.31",,-0.94%
2021/12/15,"1,777.06","1,770.49","1,781.04","1,753.84",,0.39%
2021/12/16,"1,799.03","1,777.40","1,799.53","1,775.43",,1.24%
2021/12/17,"1,797.68","1,799.55","1,814.63","1,795.67",,-0.07%
2021/12/20,"1,789.32","1,799.40","1,804.32","1,787.98",,-0.47%
2021/12/21,"1,788.36","1,789.74","1,800.85","1,784.58",,-0.05%
2021/12/22,"1,803.40","1,788.94","1,805.13","1,785.41",,0.84%
2021/12/23,"1,807.91","1,803.69","1,811.02","1,798.88",,0.25%
2021/12/24,"1,808.11","1,808.19","1,812.70","1,801.61",,0.01%
2021/12/27,"1,810.90","1,808.19","1,813.74","1,802.89",,0.15%
2021/12/28,"1,805.37","1,811.84","1,820.70","1,804.38",,-0.31%
2021/12/29,"1,803.66","1,805.59","1,808.16","1,788.94",,-0.09%
2021/12/30,"1,815.01","1,803.99","1,817.44","1,795.78",,0.63%
2021/12/31,"1,828.39","1,815.44","1,830.58","1,814.15",,0.74%
2022/1/3,"1,800.85","1,830.14","1,832.06","1,797.93",,-1.51%
2022/1/4,"1,814.56","1,801.34","1,816.83","1,798.44",,0.76%
2022/1/5,"1,809.53","1,814.90","1,829.82","1,807.97",,-0.28%
2022/1/6,"1,788.68","1,809.94","1,811.89","1,786.03",,-1.15%
2022/1/7,"1,795.63","1,789.55","1,799.20","1,782.63",,0.39%
2022/1/10,"1,801.41","1,795.41","1,802.57","1,790.43",,0.32%
2022/1/11,"1,822.01","1,801.69","1,823.35","1,800.09",,1.14%
2022/1/12,"1,825.32","1,822.49","1,828.33","1,814.20",,0.18%
2022/1/13,"1,822.09","1,825.94","1,828.38","1,811.83",,-0.18%
2022/1/14,"1,817.22","1,822.55","1,829.66","1,814.13",,-0.27%
2022/1/17,"1,818.99","1,817.90","1,823.72","1,812.67",,0.10%
2022/1/18,"1,813.54","1,819.77","1,823.01","1,805.53",,-0.30%
2022/1/19,"1,839.96","1,813.69","1,843.72","1,809.97",,1.46%
2022/1/20,"1,838.36","1,840.30","1,848.36","1,835.67",,-0.09%
2022/1/21,"1,833.24","1,838.65","1,843.53","1,828.04",,-0.28%
2022/1/24,"1,843.06","1,834.49","1,844.53","1,829.09",,0.54%
2022/1/25,"1,847.56","1,843.34","1,853.98","1,834.64",,0.24%
2022/1/26,"1,818.12","1,847.99","1,850.44","1,814.90",,-1.59%
2022/1/27,"1,796.51","1,818.44","1,822.51","1,790.98",,-1.19%
2022/1/28,"1,791.03","1,796.94","1,799.82","1,779.88",,-0.30%
2022/1/31,"1,796.47","1,791.19","1,800.23","1,785.03",,0.30%
2022/2/1,"1,800.65","1,796.72","1,809.16","1,795.13",,0.23%
2022/2/2,"1,806.50","1,800.94","1,811.53","1,794.11",,0.32%
2022/2/3,"1,804.40","1,807.19","1,809.22","1,788.39",,-0.12%
2022/2/4,"1,807.49","1,804.80","1,815.44","1,790.94",,0.17%
2022/2/7,"1,820.31","1,806.99","1,824.06","1,806.94",,0.71%
2022/2/8,"1,825.48","1,820.59","1,829.09","1,815.06",,0.28%
2022/2/9,"1,832.43","1,826.05","1,836.35","1,824.50",,0.38%
2022/2/10,"1,826.57","1,832.94","1,842.35","1,821.46",,-0.32%
2022/2/11,"1,859.96","1,827.25","1,865.63","1,820.79",,1.83%
2022/2/14,"1,870.29","1,861.55","1,874.41","1,850.45",,0.56%
2022/2/15,"1,853.06","1,870.94","1,879.89","1,844.27",,-0.92%
2022/2/16,"1,868.37","1,853.40","1,873.16","1,849.94",,0.83%
2022/2/17,"1,897.27","1,868.84","1,901.57","1,867.18",,1.55%
2022/2/18,"1,897.87","1,897.94","1,902.84","1,886.16",,0.03%
2022/2/21,"1,905.63","1,900.40","1,908.38","1,887.19",,0.41%
2022/2/22,"1,898.13","1,905.89","1,914.44","1,891.16",,-0.39%
2022/2/23,"1,907.55","1,898.44","1,911.00","1,889.23",,0.50%
2022/2/24,"1,903.14","1,907.99","1,974.48","1,879.05",,-0.23%
2022/2/25,"1,887.56","1,903.55","1,921.54","1,883.10",,-0.82%
2022/2/28,"1,907.90","1,920.86","1,929.36","1,890.59",,1.08%
2022/3/1,"1,943.22","1,908.19","1,950.45","1,900.93",,1.85%
2022/3/2,"1,926.11","1,943.69","1,948.18","1,913.82",,-0.88%
2022/3/3,"1,935.21","1,926.49","1,941.47","1,921.73",,0.47%
2022/3/4,"1,968.45","1,935.65","1,970.80","1,929.78",,1.72%
2022/3/7,"1,998.11","1,977.09","2,002.90","1,960.76",,1.51%
2022/3/8,"2,052.41","1,998.30","2,070.29","1,981.00",,2.72%
2022/3/9,"1,991.49","2,052.75","2,059.25","1,976.30",,-2.97%
2022/3/10,"1,995.86","1,991.94","2,009.57","1,970.66",,0.22%
2022/3/11,"1,985.29","1,996.15","1,999.22","1,958.80",,-0.53%
2022/3/14,"1,951.11","1,985.49","1,990.33","1,949.87",,-1.72%
2022/3/15,"1,917.84","1,951.02","1,954.95","1,906.73",,-1.71%
2022/3/16,"1,927.93","1,918.10","1,929.87","1,895.22",,0.53%
2022/3/17,"1,942.64","1,927.56","1,950.10","1,923.40",,0.76%
2022/3/18,"1,921.09","1,942.90","1,945.51","1,917.93",,-1.11%
2022/3/21,"1,935.95","1,922.24","1,940.69","1,918.01",,0.77%
2022/3/22,"1,921.44","1,935.86","1,938.59","1,910.89",,-0.75%
2022/3/23,"1,943.38","1,922.35","1,948.55","1,915.32",,1.14%
2022/3/24,"1,957.48","1,944.88","1,966.19","1,937.18",,0.73%
2022/3/25,"1,957.40","1,957.49","1,964.49","1,943.55",,0.00%
2022/3/28,"1,923.20","1,958.75","1,959.36","1,916.83",,-1.75%
2022/3/29,"1,919.19","1,922.95","1,929.41","1,890.03",,-0.21%
2022/3/30,"1,933.06","1,920.07","1,938.53","1,915.74",,0.72%
2022/3/31,"1,937.23","1,932.80","1,949.92","1,918.98",,0.22%
2022/4/1,"1,924.30","1,937.51","1,939.99","1,917.56",,-0.67%
2022/4/4,"1,932.44","1,924.94","1,937.05","1,915.55",,0.42%
2022/4/5,"1,923.76","1,933.38","1,944.73","1,917.74",,-0.45%
2022/4/6,"1,925.48","1,923.69","1,933.65","1,915.24",,0.09%
2022/4/7,"1,932.17","1,925.32","1,938.07","1,920.27",,0.35%
2022/4/8,"1,945.85","1,931.92","1,948.46","1,927.38",,0.71%
2022/4/11,"1,953.43","1,947.15","1,969.41","1,940.05",,0.39%
2022/4/12,"1,966.59","1,953.99","1,978.63","1,949.48",,0.67%
2022/4/13,"1,977.72","1,967.21","1,981.82","1,962.59",,0.57%
2022/4/14,"1,973.52","1,977.78","1,980.81","1,960.90",,-0.21%
2022/4/15,"1,974.54","1,974.28","1,975.69","1,973.05",,0.05%
2022/4/18,"1,978.50","1,972.84","1,998.60","1,971.05",,0.20%
2022/4/19,"1,949.84","1,979.19","1,982.31","1,943.80",,-1.45%
2022/4/20,"1,957.41","1,950.34","1,958.57","1,939.16",,0.39%
2022/4/21,"1,951.49","1,957.84","1,958.00","1,936.79",,-0.30%
2022/4/22,"1,929.73","1,951.49","1,955.93","1,926.52",,-1.12%
2022/4/25,"1,897.69","1,931.09","1,934.71","1,891.05",,-1.66%
2022/4/26,"1,905.56","1,897.95","1,911.50","1,895.38",,0.41%
2022/4/27,"1,886.12","1,905.45","1,907.25","1,881.39",,-1.02%
2022/4/28,"1,894.34","1,886.14","1,897.32","1,872.19",,0.44%
2022/4/29,"1,896.40","1,894.43","1,919.97","1,892.25",,0.11%
2022/5/2,"1,862.77","1,896.09","1,900.10","1,854.74",,-1.77%
2022/5/3,"1,867.79","1,863.05","1,878.19","1,850.33",,0.27%
2022/5/4,"1,880.92","1,868.04","1,889.74","1,861.17",,0.70%
2022/5/5,"1,876.84","1,881.47","1,910.03","1,872.48",,-0.22%
2022/5/6,"1,882.96","1,877.30","1,892.93","1,865.84",,0.33%
2022/5/9,"1,853.92","1,883.80","1,885.95","1,851.36",,-1.54%
2022/5/10,"1,838.14","1,853.74","1,865.76","1,835.46",,-0.85%
2022/5/11,"1,852.12","1,838.41","1,857.99","1,831.83",,0.76%
2022/5/12,"1,821.72","1,852.58","1,859.30","1,820.93",,-1.64%
2022/5/13,"1,811.15","1,822.48","1,829.06","1,799.24",,-0.58%
2022/5/16,"1,823.79","1,811.05","1,827.23","1,786.95",,0.70%
2022/5/17,"1,814.67","1,824.18","1,836.55","1,812.68",,-0.50%
2022/5/18,"1,815.61","1,815.20","1,825.02","1,807.30",,0.05%
2022/5/19,"1,841.72","1,816.60","1,849.46","1,810.55",,1.44%
2022/5/20,"1,845.68","1,842.12","1,849.59","1,832.35",,0.22%
2022/5/23,"1,853.22","1,846.53","1,865.65","1,844.08",,0.41%
2022/5/24,"1,865.90","1,853.59","1,869.99","1,849.06",,0.68%
2022/5/25,"1,852.83","1,865.09","1,868.40","1,842.94",,-0.70%
2022/5/26,"1,850.02","1,853.48","1,854.71","1,841.14",,-0.15%
2022/5/27,"1,852.73","1,850.48","1,862.30","1,847.76",,0.15%
2022/5/30,"1,856.21","1,852.19","1,864.34","1,847.92",,0.19%
2022/5/31,"1,837.09","1,856.40","1,857.69","1,834.90",,-1.03%
2022/6/1,"1,845.55","1,837.37","1,850.40","1,828.28",,0.46%
2022/6/2,"1,868.13","1,846.44","1,870.69","1,843.76",,1.22%
2022/6/3,"1,850.77","1,868.53","1,874.30","1,847.02",,-0.93%
2022/6/6,"1,841.00","1,850.29","1,858.15","1,840.50",,-0.53%
2022/6/7,"1,851.97","1,841.60","1,855.86","1,836.73",,0.60%
2022/6/8,"1,853.26","1,852.51","1,859.90","1,844.35",,0.07%
2022/6/9,"1,847.61","1,853.53","1,855.52","1,839.60",,-0.30%
2022/6/10,"1,870.96","1,848.09","1,876.47","1,825.02",,1.26%
2022/6/13,"1,818.77","1,875.80","1,877.38","1,818.90",,-2.79%
2022/6/14,"1,808.10","1,819.10","1,832.19","1,804.65",,-0.59%
2022/6/15,"1,833.38","1,808.35","1,841.74","1,807.24",,1.40%
2022/6/16,"1,856.71","1,833.99","1,857.91","1,815.95",,1.27%
2022/6/17,"1,839.35","1,857.34","1,858.29","1,833.72",,-0.93%
2022/6/20,"1,838.29","1,840.40","1,846.42","1,834.49",,-0.06%
2022/6/21,"1,832.56","1,838.37","1,844.15","1,828.29",,-0.31%
2022/6/22,"1,837.39","1,832.96","1,848.44","1,823.23",,0.26%
2022/6/23,"1,822.43","1,837.87","1,846.19","1,821.88",,-0.81%
2022/6/24,"1,826.18","1,822.88","1,832.15","1,816.70",,0.21%
2022/6/27,"1,822.73","1,838.15","1,841.34","1,820.40",,-0.19%
2022/6/28,"1,819.69","1,822.85","1,830.09","1,818.20",,-0.17%
2022/6/29,"1,817.11","1,819.95","1,833.24","1,812.10",,-0.14%
2022/6/30,"1,806.89","1,817.80","1,825.90","1,802.20",,-0.56%
2022/7/1,"1,810.18","1,807.31","1,812.09","1,784.10",,0.18%
2022/7/4,"1,809.12","1,812.27","1,814.36","1,803.45",,-0.06%
2022/7/5,"1,764.35","1,808.74","1,812.42","1,763.48",,-2.47%
2022/7/6,"1,738.30","1,764.87","1,773.06","1,731.75",,-1.48%
2022/7/7,"1,739.61","1,738.93","1,749.14","1,735.95",,0.08%
2022/7/8,"1,741.82","1,740.05","1,752.50","1,733.24",,0.13%
2022/7/11,"1,733.67","1,742.86","1,744.92","1,731.01",,-0.47%
2022/7/12,"1,725.81","1,733.99","1,743.49","1,722.93",,-0.45%
2022/7/13,"1,735.23","1,726.17","1,745.54","1,707.38",,0.55%
2022/7/14,"1,709.45","1,735.70","1,736.94","1,697.48",,-1.49%
2022/7/15,"1,706.78","1,709.81","1,716.92","1,698.82",,-0.16%
2022/7/18,"1,709.01","1,707.94","1,724.05","1,705.89",,0.13%
2022/7/19,"1,711.07","1,709.27","1,718.64","1,704.96",,0.12%
2022/7/20,"1,696.43","1,711.30","1,714.94","1,692.53",,-0.86%
2022/7/21,"1,718.49","1,696.73","1,720.69","1,680.78",,1.30%
2022/7/22,"1,726.46","1,718.61","1,739.28","1,712.93",,0.46%
2022/7/25,"1,718.78","1,728.15","1,736.43","1,714.57",,-0.44%
2022/7/26,"1,717.00","1,719.69","1,728.36","1,713.20",,-0.10%
2022/7/27,"1,733.89","1,717.41","1,740.60","1,711.46",,0.98%
2022/7/28,"1,755.11","1,734.61","1,757.43","1,733.59",,1.22%
2022/7/29,"1,765.22","1,755.81","1,768.17","1,752.19",,0.58%
2022/8/1,"1,771.73","1,765.05","1,775.22","1,758.05",,0.37%
2022/8/2,"1,759.75","1,772.23","1,788.24","1,759.86",,-0.68%
2022/8/3,"1,764.90","1,760.53","1,772.90","1,754.33",,0.29%
2022/8/4,"1,790.97","1,765.34","1,795.29","1,763.00",,1.48%
2022/8/5,"1,774.15","1,791.16","1,795.29","1,764.88",,-0.94%
2022/8/8,"1,788.52","1,773.57","1,790.26","1,770.94",,0.81%
2022/8/9,"1,794.08","1,789.21","1,800.45","1,782.85",,0.31%
2022/8/10,"1,792.13","1,794.21","1,807.90","1,787.32",,-0.11%
2022/8/11,"1,789.45","1,792.39","1,799.40","1,783.24",,-0.15%
2022/8/12,"1,801.76","1,790.06","1,802.86","1,784.52",,0.69%
2022/8/15,"1,779.36","1,802.05","1,802.53","1,772.75",,-1.24%
2022/8/16,"1,775.54","1,779.74","1,783.37","1,771.33",,-0.21%
2022/8/17,"1,761.05","1,775.98","1,782.63","1,759.58",,-0.82%
2022/8/18,"1,758.20","1,761.63","1,772.59","1,755.37",,-0.16%
2022/8/19,"1,747.83","1,759.30","1,759.88","1,745.19",,-0.59%
2022/8/22,"1,735.70","1,747.05","1,749.31","1,727.51",,-0.69%
2022/8/23,"1,747.67","1,736.40","1,754.28","1,730.52",,0.69%
2022/8/24,"1,750.89","1,748.55","1,755.88","1,742.29",,0.18%
2022/8/25,"1,758.44","1,751.55","1,765.93","1,749.71",,0.43%
2022/8/26,"1,736.86","1,758.55","1,759.31","1,733.83",,-1.23%
2022/8/29,"1,737.82","1,736.19","1,745.63","1,720.08",,0.06%
2022/8/30,"1,723.55","1,738.36","1,740.93","1,720.85",,-0.82%
2022/8/31,"1,710.70","1,723.83","1,726.86","1,709.10",,-0.75%
2022/9/1,"1,696.09","1,711.09","1,711.81","1,688.35",,-0.85%
2022/9/2,"1,711.44","1,696.35","1,718.31","1,694.64",,0.91%
2022/9/5,"1,710.21","1,712.99","1,716.34","1,707.47",,-0.07%
2022/9/6,"1,701.15","1,710.56","1,727.24","1,699.30",,-0.53%
2022/9/7,"1,717.69","1,701.61","1,719.82","1,690.90",,0.97%
2022/9/8,"1,707.28","1,718.40","1,728.80","1,703.50",,-0.61%
2022/9/9,"1,716.05","1,708.84","1,729.94","1,708.22",,0.51%
2022/9/12,"1,724.07","1,717.05","1,735.37","1,711.97",,0.47%
2022/9/13,"1,701.55","1,724.75","1,732.34","1,696.70",,-1.31%
2022/9/14,"1,695.80","1,701.86","1,707.49","1,693.26",,-0.34%
2022/9/15,"1,663.74","1,696.06","1,698.62","1,660.04",,-1.89%
2022/9/16,"1,674.94","1,664.27","1,680.69","1,653.85",,0.67%
2022/9/19,"1,675.78","1,675.44","1,680.16","1,659.67",,0.05%
2022/9/20,"1,663.11","1,675.47","1,679.34","1,659.60",,-0.76%
2022/9/21,"1,673.74","1,663.67","1,688.15","1,654.15",,0.64%
2022/9/22,"1,670.53","1,675.06","1,685.49","1,655.53",,-0.19%
2022/9/23,"1,643.09","1,671.55","1,676.59","1,639.59",,-1.64%
2022/9/26,"1,621.57","1,645.40","1,650.02","1,620.80",,-1.31%
2022/9/27,"1,628.80","1,621.99","1,642.94","1,621.77",,0.45%
2022/9/28,"1,659.44","1,629.26","1,663.17","1,614.35",,1.88%
2022/9/29,"1,660.29","1,659.88","1,665.12","1,641.05",,0.05%
2022/9/30,"1,659.67","1,661.13","1,675.57","1,658.93",,-0.04%
2022/10/3,"1,699.22","1,661.30","1,701.80","1,659.10",,2.38%
2022/10/4,"1,726.24","1,699.40","1,729.73","1,694.73",,1.59%
2022/10/5,"1,715.81","1,726.42","1,728.10","1,700.15",,-0.60%
2022/10/6,"1,710.85","1,716.06","1,726.09","1,706.53",,-0.29%
2022/10/7,"1,694.52","1,711.10","1,715.40","1,690.35",,-0.95%
2022/10/10,"1,667.96","1,696.80","1,700.33","1,665.30",,-1.57%
2022/10/11,"1,665.31","1,668.40","1,684.44","1,660.45",,-0.16%
2022/10/12,"1,672.51","1,666.49","1,678.90","1,660.95",,0.43%
2022/10/13,"1,665.80","1,673.30","1,682.84","1,642.25",,-0.40%
2022/10/14,"1,641.76","1,665.90","1,672.02","1,639.90",,-1.44%
2022/10/17,"1,649.94","1,644.09","1,668.69","1,643.69",,0.50%
2022/10/18,"1,651.83","1,650.49","1,661.27","1,645.61",,0.11%
2022/10/19,"1,628.49","1,651.99","1,654.90","1,627.25",,-1.41%
2022/10/20,"1,627.66","1,629.93","1,645.83","1,621.93",,-0.05%
2022/10/21,"1,656.66","1,628.10","1,659.08","1,617.21",,1.78%
2022/10/24,"1,648.60","1,658.19","1,670.55","1,643.64",,-0.49%
2022/10/25,"1,652.52","1,649.70","1,662.89","1,637.82",,0.24%
2022/10/26,"1,664.49","1,653.21","1,675.12","1,649.15",,0.72%
2022/10/27,"1,662.94","1,664.50","1,671.09","1,654.81",,-0.09%
2022/10/28,"1,641.76","1,663.30","1,667.44","1,637.39",,-1.27%
2022/10/31,"1,633.12","1,643.69","1,645.80","1,631.77",,-0.53%
2022/11/1,"1,647.50","1,633.40","1,657.13","1,630.93",,0.88%
2022/11/2,"1,634.89","1,647.77","1,669.60","1,634.40",,-0.77%
2022/11/3,"1,629.15","1,635.80","1,641.32","1,616.18",,-0.35%
2022/11/4,"1,680.27","1,629.40","1,682.17","1,628.23",,3.14%
2022/11/7,"1,674.68","1,681.30","1,682.08","1,666.44",,-0.33%
2022/11/8,"1,712.52","1,674.75","1,717.31","1,664.32",,2.26%
2022/11/9,"1,706.32","1,712.60","1,722.94","1,701.79",,-0.36%
2022/11/10,"1,754.86","1,706.42","1,757.52","1,703.32",,2.84%
2022/11/11,"1,770.69","1,754.92","1,773.17","1,746.85",,0.90%
2022/11/14,"1,771.80","1,771.42","1,775.36","1,752.90",,0.06%
2022/11/15,"1,778.25","1,771.88","1,786.68","1,766.56",,0.36%
2022/11/16,"1,773.77","1,778.34","1,785.49","1,769.82",,-0.25%
2022/11/17,"1,760.87","1,773.82","1,775.20","1,754.13",,-0.73%
2022/11/18,"1,749.74","1,760.74","1,767.98","1,747.04",,-0.63%
2022/11/21,"1,737.81","1,750.82","1,753.52","1,732.03",,-0.68%
2022/11/22,"1,740.24","1,738.48","1,749.98","1,736.61",,0.14%
2022/11/23,"1,749.28","1,740.30","1,753.54","1,728.25",,0.52%
2022/11/24,"1,754.96","1,749.53","1,759.08","1,749.03",,0.32%
2022/11/25,"1,756.14","1,756.48","1,761.58","1,745.46",,0.07%
2022/11/28,"1,740.75","1,755.00","1,764.08","1,739.14",,-0.88%
2022/11/29,"1,749.73","1,740.82","1,759.33","1,738.98",,0.52%
2022/11/30,"1,768.45","1,749.82","1,770.39","1,744.41",,1.07%
2022/12/1,"1,802.89","1,768.54","1,804.32","1,767.36",,1.95%
2022/12/2,"1,797.82","1,803.15","1,804.93","1,778.26",,-0.28%
2022/12/5,"1,768.39","1,797.92","1,810.33","1,765.32",,-1.64%
2022/12/6,"1,770.91","1,768.67","1,781.46","1,765.72",,0.14%
2022/12/7,"1,786.22","1,771.14","1,790.92","1,768.32",,0.86%
2022/12/8,"1,789.23","1,786.29","1,795.18","1,780.96",,0.17%
2022/12/9,"1,796.63","1,789.30","1,806.45","1,787.96",,0.41%
2022/12/12,"1,781.15","1,797.35","1,798.00","1,777.22",,-0.86%
2022/12/13,"1,810.29","1,781.21","1,824.87","1,779.81",,1.64%
2022/12/14,"1,807.27","1,810.49","1,814.19","1,796.07",,-0.17%
2022/12/15,"1,776.66","1,807.40","1,809.09","1,772.00",,-1.69%
2022/12/16,"1,792.34","1,776.72","1,794.69","1,773.89",,0.88%
2022/12/19,"1,787.44","1,793.13","1,799.10","1,783.48",,-0.27%
2022/12/20,"1,817.41","1,787.49","1,821.60","1,784.21",,1.68%
2022/12/21,"1,814.13","1,818.06","1,824.39","1,811.24",,-0.18%
2022/12/22,"1,792.57","1,814.20","1,821.10","1,784.11",,-1.19%
2022/12/23,"1,797.91","1,792.65","1,803.60","1,789.62",,0.30%
2022/12/26,"1,797.61","1,798.57","1,798.78","1,798.04",,-0.02%
2022/12/27,"1,813.93","1,796.67","1,833.39","1,796.20",,0.91%
2022/12/28,"1,804.09","1,814.00","1,815.18","1,796.56",,-0.54%
2022/12/29,"1,814.89","1,804.16","1,820.52","1,802.02",,0.60%
2022/12/30,"1,824.40","1,815.14","1,826.73","1,809.84",,0.52%
2023/1/2,"1,823.69","1,823.85","1,823.94","1,823.85",,-0.04%
2023/1/3,"1,839.49","1,826.14","1,850.69","1,824.42",,0.87%
2023/1/4,"1,854.09","1,839.51","1,865.49","1,835.92",,0.79%
2023/1/5,"1,833.19","1,854.19","1,859.36","1,824.68",,-1.13%
2023/1/6,"1,865.71","1,833.27","1,870.37","1,830.53",,1.77%
2023/1/9,"1,871.59","1,865.45","1,881.80","1,864.59",,0.32%
2023/1/10,"1,877.27","1,871.66","1,881.04","1,867.37",,0.30%
2023/1/11,"1,876.38","1,877.30","1,887.09","1,866.75",,-0.05%
2023/1/12,"1,896.86","1,876.43","1,901.88","1,873.64",,1.09%
2023/1/13,"1,920.21","1,897.03","1,922.24","1,891.80",,1.23%
2023/1/16,"1,918.00","1,920.39","1,929.24","1,910.74",,-0.12%
2023/1/17,"1,908.39","1,917.81","1,919.83","1,903.51",,-0.50%
2023/1/18,"1,903.76","1,908.46","1,926.30","1,896.56",,-0.24%
2023/1/19,"1,931.39","1,903.83","1,935.40","1,900.48",,1.45%
2023/1/20,"1,926.57","1,931.48","1,937.72","1,920.58",,-0.25%
2023/1/23,"1,931.30","1,926.20","1,935.69","1,911.44",,0.25%
2023/1/24,"1,937.45","1,931.35","1,942.93","1,916.82",,0.32%
2023/1/25,"1,945.93","1,937.54","1,948.12","1,919.88",,0.44%
2023/1/26,"1,928.99","1,946.09","1,949.27","1,918.74",,-0.87%
2023/1/27,"1,927.34","1,929.40","1,935.15","1,916.65",,-0.09%
2023/1/30,"1,922.52","1,928.40","1,934.61","1,920.58",,-0.25%
2023/1/31,"1,927.88","1,922.82","1,931.15","1,900.74",,0.28%
2023/2/1,"1,950.42","1,927.92","1,954.63","1,920.56",,1.17%
2023/2/2,"1,912.37","1,950.54","1,959.77","1,911.33",,-1.95%
2023/2/3,"1,865.53","1,912.57","1,918.72","1,861.41",,-2.45%
2023/2/6,"1,867.36","1,865.17","1,881.54","1,860.39",,0.10%
2023/2/7,"1,873.81","1,867.39","1,884.45","1,864.94",,0.35%
2023/2/8,"1,875.59","1,874.05","1,886.28","1,867.40",,0.09%
2023/2/9,"1,861.39","1,875.64","1,890.69","1,858.89",,-0.76%
2023/2/10,"1,864.67","1,861.68","1,872.31","1,852.69",,0.18%
2023/2/13,"1,853.39","1,865.69","1,866.83","1,850.42",,-0.60%
2023/2/14,"1,854.29","1,853.67","1,871.03","1,843.20",,0.05%
2023/2/15,"1,836.19","1,854.35","1,860.18","1,830.20",,-0.98%
2023/2/16,"1,837.44","1,836.56","1,845.45","1,827.18",,0.07%
2023/2/17,"1,841.59","1,837.52","1,843.77","1,818.34",,0.23%
2023/2/20,"1,841.14","1,842.73","1,847.86","1,837.09",,-0.02%
2023/2/21,"1,834.32","1,841.71","1,844.44","1,829.70",,-0.37%
2023/2/22,"1,825.04","1,834.71","1,846.26","1,823.05",,-0.51%
2023/2/23,"1,822.64","1,825.12","1,834.43","1,817.55",,-0.13%
2023/2/24,"1,810.81","1,822.74","1,827.98","1,808.91",,-0.65%
2023/2/27,"1,817.31","1,812.01","1,820.22","1,806.68",,0.36%
2023/2/28,"1,827.15","1,817.38","1,831.27","1,804.65",,0.54%
2023/3/1,"1,836.81","1,827.24","1,845.05","1,823.05",,0.53%
2023/3/2,"1,836.00","1,837.20","1,838.94","1,829.44",,-0.04%
2023/3/3,"1,854.97","1,836.10","1,856.47","1,834.51",,1.03%
2023/3/6,"1,846.85","1,855.35","1,858.84","1,845.08",,-0.44%
2023/3/7,"1,813.52","1,846.92","1,852.26","1,812.72",,-1.80%
2023/3/8,"1,813.59","1,813.61","1,824.38","1,809.40",,0.00%
2023/3/9,"1,830.89","1,813.65","1,835.56","1,811.84",,0.95%
2023/3/10,"1,867.83","1,830.96","1,870.28","1,827.71",,2.02%
2023/3/13,"1,913.23","1,869.01","1,914.79","1,869.01",,2.43%
2023/3/14,"1,902.12","1,913.19","1,914.52","1,895.17",,-0.58%
2023/3/15,"1,918.10","1,903.91","1,937.46","1,885.78",,0.84%
2023/3/16,"1,919.12","1,920.54","1,934.12","1,907.55",,0.05%
2023/3/17,"1,987.93","1,920.00","1,989.80","1,918.33",,3.59%
2023/3/20,"1,978.71","1,987.59","2,010.19","1,965.77",,-0.46%
2023/3/21,"1,940.15","1,979.17","1,985.30","1,935.41",,-1.95%
2023/3/22,"1,969.58","1,940.44","1,978.93","1,934.33",,1.52%
2023/3/23,"1,993.50","1,967.91","2,003.43","1,964.39",,1.21%
2023/3/24,"1,977.22","1,993.99","2,003.19","1,975.18",,-0.82%
2023/3/27,"1,956.56","1,977.66","1,979.89","1,943.68",,-1.04%
2023/3/28,"1,973.69","1,957.23","1,975.45","1,948.66",,0.88%
2023/3/29,"1,964.04","1,972.82","1,974.64","1,958.62",,-0.49%
2023/3/30,"1,980.25","1,962.58","1,984.40","1,955.44",,0.83%
2023/3/31,"1,967.90","1,978.62","1,987.84","1,966.89",,-0.62%
2023/4/3,"1,984.11","1,970.84","1,990.64","1,949.82",,0.82%
2023/4/4,"2,019.97","1,984.59","2,025.19","1,977.01",,1.81%
2023/4/5,"2,020.35","2,020.44","2,032.20","2,009.99",,0.02%
2023/4/6,"2,008.02","2,020.13","2,021.63","2,000.88",,-0.61%
2023/4/10,"1,989.65","2,008.30","2,011.17","1,981.59",,-0.91%
2023/4/11,"2,003.14","1,990.36","2,007.58","1,988.72",,0.68%
2023/4/12,"2,014.67","2,003.67","2,028.40","2,001.18",,0.58%
2023/4/13,"2,039.73","2,014.00","2,048.84","2,012.45",,1.24%
2023/4/14,"2,003.04","2,040.40","2,047.60","1,992.41",,-1.80%
2023/4/17,"1,994.77","2,001.85","2,015.13","1,981.34",,-0.41%
2023/4/18,"2,004.93","1,995.19","2,011.98","1,991.33",,0.51%
2023/4/19,"1,993.26","2,007.49","2,008.33","1,969.28",,-0.58%
2023/4/20,"2,004.34","1,993.58","2,012.74","1,990.49",,0.56%
2023/4/21,"1,982.89","2,004.29","2,005.75","1,971.65",,-1.07%
2023/4/24,"1,988.88","1,981.34","1,990.97","1,974.19",,0.30%
2023/4/25,"1,997.87","1,991.45","2,003.90","1,976.14",,0.45%
2023/4/26,"1,989.48","2,000.63","2,009.51","1,983.43",,-0.42%
2023/4/27,"1,987.87","1,987.58","2,003.45","1,973.80",,-0.08%
2023/4/28,"1,989.65","1,986.75","1,995.13","1,976.08",,0.09%
2023/5/1,"1,982.05","1,991.34","2,006.05","1,977.05",,-0.38%
2023/5/2,"2,016.28","1,982.81","2,019.54","1,978.38",,1.73%
2023/5/3,"2,039.02","2,014.80","2,040.69","2,007.96",,1.13%
2023/5/4,"2,051.11","2,036.86","2,073.29","2,030.34",,0.59%
2023/5/5,"2,016.54","2,051.73","2,053.13","1,999.30",,-1.69%
2023/5/8,"2,021.39","2,015.95","2,029.63","2,014.10",,0.24%
2023/5/9,"2,034.17","2,022.24","2,037.70","2,019.50",,0.63%
2023/5/10,"2,029.51","2,034.19","2,048.22","2,021.57",,-0.23%
2023/5/11,"2,015.55","2,030.56","2,041.44","2,011.19",,-0.69%
2023/5/12,"2,011.15","2,015.19","2,022.56","2,001.05",,-0.22%
2023/5/15,"2,018.41","2,011.72","2,022.20","2,007.28",,0.36%
2023/5/16,"1,988.60","2,015.90","2,018.94","1,985.47",,-1.48%
2023/5/17,"1,981.72","1,988.94","1,993.13","1,974.80",,-0.35%
2023/5/18,"1,958.05","1,981.52","1,986.12","1,951.97",,-1.19%
2023/5/19,"1,976.56","1,957.40","1,984.09","1,954.05",,0.94%
